id;name;client;start;jhi_end;description
1;that coal qua;below jaggedly dearly;2025-03-09;2025-03-09;beneath because woot
2;motivate fast;gosh;2025-03-09;2025-03-09;yippee
3;reorient under;chip like;2025-03-08;2025-03-09;unimpressively gadzooks
4;likewise;judicious;2025-03-08;2025-03-09;slope till notarize
5;because;aw homeschool polished;2025-03-09;2025-03-09;muddy ocelot
6;oof what;coin apropos gripping;2025-03-09;2025-03-08;ideal by
7;haircut advancement;joyfully;2025-03-09;2025-03-09;recovery
8;gadzooks anti unto;wrongly offset until;2025-03-09;2025-03-09;creature bossy perky
9;eek;drat gloss;2025-03-08;2025-03-08;omelet
10;glimmer about;hmph brr;2025-03-09;2025-03-08;while pfft smug
